{"cameraMode":{"drawMode":0,"name":"Shaded","section":"Shading Mode"},"sceneLighting":false,"audioPlay":false,"sceneViewState":{"m_AlwaysRefresh":false,"showFog":true,"showSkybox":true,"showFlares":true,"showImageEffects":true,"showParticleSystems":true,"showVisualEffectGraphs":true,"m_FxEnabled":true},"in2DMode":false,"pivot":{"x":19.096935272216798,"y":14.369111061096192,"z":16.269325256347658},"rotation":{"x":-0.033596333116292956,"y":0.9662810564041138,"z":-0.18815027177333833,"w":-0.1725406050682068},"size":15.410325050354004,"orthographic":false}