{"cameraMode":{"drawMode":0,"name":"Shaded","section":"Shading Mode"},"sceneLighting":false,"audioPlay":false,"sceneViewState":{"m_AlwaysRefresh":false,"showFog":true,"showSkybox":true,"showFlares":true,"showImageEffects":true,"showParticleSystems":true,"showVisualEffectGraphs":true,"m_FxEnabled":true},"in2DMode":false,"pivot":{"x":9.950069427490235,"y":11.046310424804688,"z":0.7963294982910156},"rotation":{"x":0.23893150687217713,"y":0.3767872154712677,"z":-0.10124365240335465,"w":0.8892123699188232},"size":53.42108154296875,"orthographic":false}