{"cameraMode":{"drawMode":0,"name":"Shaded","section":"Shading Mode"},"sceneLighting":false,"audioPlay":false,"sceneViewState":{"m_AlwaysRefresh":false,"showFog":true,"showSkybox":true,"showFlares":true,"showImageEffects":true,"showParticleSystems":true,"showVisualEffectGraphs":true,"m_FxEnabled":true},"in2DMode":false,"pivot":{"x":14.182756423950196,"y":13.941359519958496,"z":8.584983825683594},"rotation":{"x":-0.000039160422602435574,"y":1.0000115633010865,"z":-0.0003103362687397748,"w":0.002115612616762519},"size":19.57438850402832,"orthographic":true}