{"cameraMode":{"drawMode":0,"name":"Shaded","section":"Shading Mode"},"sceneLighting":false,"audioPlay":false,"sceneViewState":{"m_AlwaysRefresh":false,"showFog":true,"showSkybox":false,"showFlares":true,"showImageEffects":true,"showParticleSystems":true,"showVisualEffectGraphs":true,"m_FxEnabled":true},"in2DMode":false,"pivot":{"x":0.39065980911254885,"y":-3.245389938354492,"z":1.0820050239562989},"rotation":{"x":-0.022680159658193589,"y":0.7920077443122864,"z":-0.6093817353248596,"w":-0.029475081712007524},"size":7.071067810058594,"orthographic":false}